<?xml version="1.0" encoding="UTF-8"?>
<project-private xmlns="http://www.netbeans.org/ns/project-private/1">
    <editor-bookmarks xmlns="http://www.netbeans.org/ns/editor-bookmarks/2" lastBookmarkId="0"/>
    <open-files xmlns="http://www.netbeans.org/ns/projectui-open-files/2">
        <group>
            <file>file:/C:/Users/infoMix/Desktop/ModulePromo/src/gui/main.java</file>
            <file>file:/C:/Users/infoMix/Desktop/ModulePromo/src/com/esprit/services/ServicePromotion.java</file>
            <file>file:/C:/Users/infoMix/Desktop/ModulePromo/src/gui/AddPromotionController.java</file>
            <file>file:/C:/Users/infoMix/Desktop/ModulePromo/src/gui/ModifyPromotionController.java</file>
            <file>file:/C:/Users/infoMix/Desktop/ModulePromo/src/gui/Promotion.fxml</file>
        </group>
    </open-files>
</project-private>
