<?xml version="1.0" encoding="UTF-8"?>
<project-private xmlns="http://www.netbeans.org/ns/project-private/1">
    <editor-bookmarks xmlns="http://www.netbeans.org/ns/editor-bookmarks/2" lastBookmarkId="0"/>
    <open-files xmlns="http://www.netbeans.org/ns/projectui-open-files/2">
        <group>
            <file>file:/C:/Users/infoMix/Desktop/PromoFidelite/WorkshopPIDEV1-20210228T134411Z-001/WorkshopPIDEV1/src/com/esprit/tests/MainProg.java</file>
            <file>file:/C:/Users/infoMix/Desktop/PromoFidelite/WorkshopPIDEV1-20210228T134411Z-001/WorkshopPIDEV1/src/com/esprit/utils/DataSource.java</file>
            <file>file:/C:/Users/infoMix/Desktop/PromoFidelite/WorkshopPIDEV1-20210228T134411Z-001/WorkshopPIDEV1/src/com/esprit/services/ServicePromo.java</file>
            <file>file:/C:/Users/infoMix/Desktop/PromoFidelite/WorkshopPIDEV1-20210228T134411Z-001/WorkshopPIDEV1/src/com/esprit/models/fidelite.java</file>
            <file>file:/C:/Users/infoMix/Desktop/PromoFidelite/WorkshopPIDEV1-20210228T134411Z-001/WorkshopPIDEV1/src/com/esprit/services/Service2.java</file>
            <file>file:/C:/Users/infoMix/Desktop/PromoFidelite/WorkshopPIDEV1-20210228T134411Z-001/WorkshopPIDEV1/src/com/esprit/services/ServiceFidelite.java</file>
            <file>file:/C:/Users/infoMix/Desktop/PromoFidelite/WorkshopPIDEV1-20210228T134411Z-001/WorkshopPIDEV1/src/com/esprit/services/IService.java</file>
            <file>file:/C:/Users/infoMix/Desktop/PromoFidelite/WorkshopPIDEV1-20210228T134411Z-001/WorkshopPIDEV1/src/com/esprit/models/Promo.java</file>
        </group>
    </open-files>
</project-private>
