<?xml version="1.0" encoding="UTF-8"?>
<project-private xmlns="http://www.netbeans.org/ns/project-private/1">
    <editor-bookmarks xmlns="http://www.netbeans.org/ns/editor-bookmarks/2" lastBookmarkId="0"/>
    <open-files xmlns="http://www.netbeans.org/ns/projectui-open-files/2">
        <group>
            <file>file:/C:/Users/amine/Documents/NetBeansProjects/cineholic/src/cineholic/FXML.fxml</file>
            <file>file:/C:/Users/amine/Documents/NetBeansProjects/cineholic/src/cineholic/FXMLController.java</file>
            <file>file:/C:/Users/amine/Documents/NetBeansProjects/cineholic/src/cineholic/Database.java</file>
            <file>file:/C:/Users/amine/Documents/NetBeansProjects/cineholic/src/cineholic/SalleDeCinema.java</file>
            <file>file:/C:/Users/amine/Documents/NetBeansProjects/cineholic/src/cineholic/FXMain.java</file>
        </group>
    </open-files>
</project-private>
